Workbook
Name _Hlk72912004: Factores!$F$6
Name _Hlk72912511: Factores!$F$7

Sheet Tabla parques
A1: No | B1: Latitud | C1: Longitud | D1: ID_ PARQUE | E1: ID_UPZ | F1: NOMBRE_PAR | G1: TIPO PARQUE | H1: FECHA INCOR | I1: AREA | J1: Densidad promedio | K1: 1. Población | L1: 1. Población | M1: 2. Estrato | N1: 2. Estrato | O1: 3. Perfiles Viales | P1: 3. Perfiles Viales | Q1: 4. Zonas Duras Andenes | R1: 4. Zonas Duras Andenes | S1: 5. Morfología | T1: 5. Morfología | U1: 6. Equipamientos | V1: 6. Equipamientos | W1: 7. Uso de suelo | X1: 7. Vivienda | Y1: 7. Vivienda | Z1: 8. No paraderos | AA1: 8. No par fac | AB1: 8. SITP | AC1: 8. SITP | AD1: 9. Tráfico Vehicular | AE1: 9. Tráfico Vehicular | AF1: Total | AG1: Vías | AH1: Notas.
A2: 1 | B2: 4.7176086 | C2: -74.12735 | D2: 10-202 | E2: UPZ73 | F2: URBANIZACIàN GRAN GRANADA I ETAPA | G2: PARQUE VECINAL | H2: 37987 | I2: 4779.7152 | J2: 0.049236187 | K2: 14779 | L2: =((K2-$K$56)/($K$55-$K$56))*Factores!$C$4 -> 12.628651 | M2: 3 | N2: =+IF(OR(M2=3,M2=2,M2=1),Factores!$C$5,0) -> 10 | O2: 0 | P2: =+IF(O2=1,Factores!$C$6,0) -> 0 | Q2: 0 | R2: =+IF(Q2=1,Factores!$C$7,0) -> 0 | S2: 0 | T2: =+IF(S2=1,Factores!$C$8,0) -> 0 | U2: 0 | V2: =+IF(U2=1,Factores!$C$9,0) -> 0 | W2: 0 | X2: 1 | Y2: =+IF((X2+W2)=1,Factores!$C$9,0) -> 5 | Z2: 12 | AA2: =+IF(Z2>0,0.5,0) -> 0.5 | AB2: 1 | AC2: =+IF(AB2=1,Factores!$C$11,IF(AA2=0.5,(Factores!$C$11/2),0)) -> 5 | AD2: 0 | AE2: =+IF(AD2<0,0,Factores!$C$12) -> 5 | AF2: =L2+N2+P2+R2+T2+V2+Y2+AC2+AE2 -> 37.628651 | AG2: Vía 1: 6 mts, 450 mts x 71 mts | AH2: Zona sin consolidar, solo una calle desus frentes construida, conjuntos cerrados a un lado, crecimiento por loteo otro lado. Forma triangular
A3: 2 | B3: 4.6870809 | C3: -74.092525 | D3: 10-044 | E3: UPZ26 | F3: URBANIZACION BONANZA PRIMER SECTOR | G3: PARQUE VECINAL | H3: 37987 | I3: 4792.8538 | J3: 0.031236656 | K3: 8708 | L3: =((K3-$K$56)/($K$55-$K$56))*Factores!$C$4 -> 7.4332497 | M3: 3 | N3: =+IF(OR(M3=3,M3=2,M3=1),Factores!$C$5,0) -> 10 | O3: 0 | P3: =+IF(O3=1,Factores!$C$6,0) -> 0 | Q3: 0 | R3: =+IF(Q3=1,Factores!$C$7,0) -> 0 | S3: 1 | T3: =+IF(S3=1,Factores!$C$8,0) -> 20 | U3: 0 | V3: =+IF(U3=1,Factores!$C$9,0) -> 0 | W3: 0 | X3: 1 | Y3: =+IF((X3+W3)=1,Factores!$C$9,0) -> 5 | Z3: 14 | AA3: =+IF(Z3>0,0.5,0) -> 0.5 | AB3: 0 | AC3: =+IF(AB3=1,Factores!$C$11,IF(AA3=0.5,(Factores!$C$11/2),0)) -> 2.5 | AD3: 0 | AE3: =+IF(AD3<0,0,Factores!$C$12) -> 5 | AF3: =L3+N3+P3+R3+T3+V3+Y3+AC3+AE3 -> 49.93325 | AG3: 4 vías: 6 perfil + andenes parque: 1 mt de 2 mts frentes casas 100 x 100 mts | AH3: Cuadrado, rodeado de calles, pero no son continuas. Perfiles angostos.
A4: 3 | B4: 4.7182246 | C4: -74.106732 | D4: 10-243 | E4: UPZ72 | F4: DESARROLLO COMPARTIR BOCHICA | G4: PARQUE VECINAL | H4: 37987 | I4: 4793.7957 | J4: 0.028853178 | K4: 10413 | L4: =((K4-$K$56)/($K$55-$K$56))*Factores!$C$4 -> 8.8923437 | M4: 3 | N4: =+IF(OR(M4=3,M4=2,M4=1),Factores!$C$5,0) -> 10 | O4: 1 | P4: =+IF(O4=1,Factores!$C$6,0) -> 10 | Q4: 1 | R4: =+IF(Q4=1,Factores!$C$7,0) -> 10 | S4: 1 | T4: =+IF(S4=1,Factores!$C$8,0) -> 20 | U4: 1 | V4: =+IF(U4=1,Factores!$C$9,0) -> 5 | W4: 0 | X4: 1 | Y4: =+IF((X4+W4)=1,Factores!$C$9,0) -> 5 | Z4: 4 | AA4: =+IF(Z4>0,0.5,0) -> 0.5 | AB4: 1 | AC4: =+IF(AB4=1,Factores!$C$11,IF(AA4=0.5,(Factores!$C$11/2),0)) -> 5 | AD4: 0 | AE4: =+IF(AD4<0,0,Factores!$C$12) -> 5 | AF4: =L4+N4+P4+R4+T4+V4+Y4+AC4+AE4 -> 78.892344 | AG4: 2 vías : calzada: 7 mts + parqueo + andenes de 2,5 mts calzada: 9,5 mts + 2 parqueos sobre calle + andenes 3,5 mts - 1 vía con ruta SITP. Mide: 53 x 95 a 75 mts | AH4: Parque recatangular con dos vías con buenos perfiles, espacio para parquear y a 75 mts de la futura ALO. Colegio vecino
A5: 4 | B5: 4.7109805 | C5: -74.136943 | D5: 10-195 | E5: UPZ74 | F5: DESARROLLO LINTERAMA | G5: PARQUE VECINAL | H5: 37987 | I5: 4838.638 | J5: 0.038832073 | K5: 17550 | L5: =((K5-$K$56)/($K$55-$K$56))*Factores!$C$4 -> 15 | M5: 2 | N5: =+IF(OR(M5=3,M5=2,M5=1),Factores!$C$5,0) -> 10 | O5: 0 | P5: =+IF(O5=1,Factores!$C$6,0) -> 0 | Q5: 1 | R5: =+IF(Q5=1,Factores!$C$7,0) -> 10 | S5: 1 | T5: =+IF(S5=1,Factores!$C$8,0) -> 20 | U5: 0 | V5: =+IF(U5=1,Factores!$C$9,0) -> 0 | W5: 0 | X5: 1 | Y5: =+IF((X5+W5)=1,Factores!$C$9,0) -> 5 | Z5: 10 | AA5: =+IF(Z5>0,0.5,0) -> 0.5 | AB5: 0 | AC5: =+IF(AB5=1,Factores!$C$11,IF(AA5=0.5,(Factores!$C$11/2),0)) -> 2.5 | AD5: 0 | AE5: =+IF(AD5<0,0,Factores!$C$12) -> 5 | AF5: =L5+N5+P5+R5+T5+V5+Y5+AC5+AE5 -> 67.5 | AG5: 3 vías de acceso, perfiles 5 mts (angostos) andenes de 2.75. No hay espacio para parquear camiones. A 1 cuadra SITP
A6: 5 | B6: 4.6700914 | C6: -74.098915 | D6: 10-114 | E6: UPZ26 | F6: URBANIZACIàN BOSQUE POPULAR | G6: PARQUE VECINAL | H6: 37987 | I6: 4872.6847 | J6: 0.036383026 | K6: 5777 | L6: =((K6-$K$56)/($K$55-$K$56))*Factores!$C$4 -> 4.9249772 | M6: 3 | N6: =+IF(OR(M6=3,M6=2,M6=1),Factores!$C$5,0) -> 10 | O6: 0 | P6: =+IF(O6=1,Factores!$C$6,0) -> 0 | Q6: 1 | R6: =+IF(Q6=1,Factores!$C$7,0) -> 10 | S6: 1 | T6: =+IF(S6=1,Factores!$C$8,0) -> 20 | U6: 1 | V6: =+IF(U6=1,Factores!$C$9,0) -> 5 | W6: 0 | X6: 1 | Y6: =+IF((X6+W6)=1,Factores!$C$9,0) -> 5 | Z6: 8 | AA6: =+IF(Z6>0,0.5,0) -> 0.5 | AB6: 1 | AC6: =+IF(AB6=1,Factores!$C$11,IF(AA6=0.5,(Factores!$C$11/2),0)) -> 5 | AD6: 0 | AE6: =+IF(AD6<0,0,Factores!$C$12) -> 5 | AF6: =L6+N6+P6+R6+T6+V6+Y6+AC6+AE6 -> 64.924977 | AG6: Vía SITP y otras 2: 5,5 mts + andenes 1.5 a las casas y 3 al parque Vía 6 mts anden 1,8 a las casas 3 al parque Rodeado de vía. 95 x 45 mts | AH6: Hay una Iglesia y una plaza en frente. SITP en una de las calles.
A7: 6 | B7: 4.6927003 | C7: -74.103845 | D7: 10-013 | E7: UPZ30 | F7: URBANIZACION LA CLARITA PRIMER SECTOR | G7: PARQUE VECINAL | H7: 37987 | I7: 5330.4654 | J7: 0.041256605 | K7: 9131 | L7: =((K7-$K$56)/($K$55-$K$56))*Factores!$C$4 -> 7.7952419 | M7: 3 | N7: =+IF(OR(M7=3,M7=2,M7=1),Factores!$C$5,0) -> 10 | O7: 1 | P7: =+IF(O7=1,Factores!$C$6,0) -> 10 | Q7: 1 | R7: =+IF(Q7=1,Factores!$C$7,0) -> 10 | S7: 1 | T7: =+IF(S7=1,Factores!$C$8,0) -> 20 | U7: 0 | V7: =+IF(U7=1,Factores!$C$9,0) -> 0 | W7: 0 | X7: 1 | Y7: =+IF((X7+W7)=1,Factores!$C$9,0) -> 5 | Z7: 11 | AA7: =+IF(Z7>0,0.5,0) -> 0.5 | AB7: 1 | AC7: =+IF(AB7=1,Factores!$C$11,IF(AA7=0.5,(Factores!$C$11/2),0)) -> 5 | AD7: 0 | AE7: =+IF(AD7<0,0,Factores!$C$12) -> 5 | AF7: =L7+N7+P7+R7+T7+V7+Y7+AC7+AE7 -> 72.795242 | AG7: Rodeado de 3 calles vehiculares. 2 vías de 8,30 mts + andenes de 2,00 1 vía de 5,50 mts + andenes de 1,50 Andenes del parque de 1,20 más zona verde 100 x 63 | AH7: Hay lugares para parquear caminiones en la vía en las vías de más de 8 mts Paraderos SITP
A8: 7 | B8: 4.6863421 | C8: -74.085994 | D8: 10-010 | E8: UPZ26 | F8: URBANIZACIàN DEL BARRIO LAS FERIAS | G8: PARQUE VECINAL | H8: 37987 | I8: 5509.1736 | J8: 0.026925629 | K8: 8054 | L8: =((K8-$K$56)/($K$55-$K$56))*Factores!$C$4 -> 6.8735737 | M8: 3 | N8: =+IF(OR(M8=3,M8=2,M8=1),Factores!$C$5,0) -> 10 | O8: 1 | P8: =+IF(O8=1,Factores!$C$6,0) -> 10 | Q8: 1 | R8: =+IF(Q8=1,Factores!$C$7,0) -> 10 | S8: 1 | T8: =+IF(S8=1,Factores!$C$8,0) -> 20 | U8: 1 | V8: =+IF(U8=1,Factores!$C$9,0) -> 5 | W8: 0 | X8: 0 | Y8: =+IF((X8+W8)=1,Factores!$C$9,0) -> 0 | Z8: 4 | AA8: =+IF(Z8>0,0.5,0) -> 0.5 | AB8: 1 | AC8: =+IF(AB8=1,Factores!$C$11,IF(AA8=0.5,(Factores!$C$11/2),0)) -> 5 | AD8: -2 | AE8: =+IF(AD8<0,0,Factores!$C$12) -> 0 | AF8: =L8+N8+P8+R8+T8+V8+Y8+AC8+AE8 -> 66.873574 | AG8: Rodeado de vías con equipamiento salud Vía 19 mts + andenes 3,5 (parque) y 2.00 comercio vía 7,5 + andenes 3,50 + Iglesia vía 8,50 + andenes 2 y 2,50 (centro salud) vía 9,00 (3 carriles) + anden 1,50 + 2.00 anden parque 71 x 115 m2 | AH8: Calles aledañas con ventas ambulantes, semaforos. Zona con alta actividad comercial y trafico. Iglesia-Consultorios-Bodegas
A9: 8 | B9: 4.6982077 | C9: -74.085211 | D9: 11-1159 | E9: UPZ25 | F9: URB LAGARTOS | G9: PARQUE VECINAL | H9: 42735 | I9: 5738.1345 | J9: 0.00015284202 | K9: 22 | L9: =((K9-$K$56)/($K$55-$K$56))*Factores!$C$4 -> 0 | M9: 4 | N9: =+IF(OR(M9=3,M9=2,M9=1),Factores!$C$5,0) -> 0 | O9: 1 | P9: =+IF(O9=1,Factores!$C$6,0) -> 10 | Q9: 1 | R9: =+IF(Q9=1,Factores!$C$7,0) -> 10 | S9: 1 | T9: =+IF(S9=1,Factores!$C$8,0) -> 20 | U9: 0 | V9: =+IF(U9=1,Factores!$C$9,0) -> 0 | W9: 0 | X9: 1 | Y9: =+IF((X9+W9)=1,Factores!$C$9,0) -> 5 | Z9: 6 | AA9: =+IF(Z9>0,0.5,0) -> 0.5 | AB9: 0 | AC9: =+IF(AB9=1,Factores!$C$11,IF(AA9=0.5,(Factores!$C$11/2),0)) -> 2.5 | AD9: 0 | AE9: =+IF(AD9<0,0,Factores!$C$12) -> 5 | AF9: =L9+N9+P9+R9+T9+V9+Y9+AC9+AE9 -> 52.5
A10: 9 | B10: 4.7136118 | C10: -74.113714 | D10: 10-212 | E10: UPZ72 | F10: URBANIZACION BOCHICA MULTICENTRO (PRIIMERA Y SEGUNDA ETAPA) | G10: PARQUE VECINAL | H10: 37987 | I10: 5829.4295 | J10: 0.028475731 | K10: 10085 | L10: =((K10-$K$56)/($K$55-$K$56))*Factores!$C$4 -> 8.6116499 | M10: 3 | N10: =+IF(OR(M10=3,M10=2,M10=1),Factores!$C$5,0) -> 10 | O10: 0 | P10: =+IF(O10=1,Factores!$C$6,0) -> 0 | Q10: 0 | R10: =+IF(Q10=1,Factores!$C$7,0) -> 0 | S10: 0 | T10: =+IF(S10=1,Factores!$C$8,0) -> 0 | U10: 0 | V10: =+IF(U10=1,Factores!$C$9,0) -> 0 | W10: 0 | X10: 1 | Y10: =+IF((X10+W10)=1,Factores!$C$9,0) -> 5 | Z10: 10 | AA10: =+IF(Z10>0,0.5,0) -> 0.5 | AB10: 0 | AC10: =+IF(AB10=1,Factores!$C$11,IF(AA10=0.5,(Factores!$C$11/2),0)) -> 2.5 | AD10: 0 | AE10: =+IF(AD10<0,0,Factores!$C$12) -> 5 | AF10: =L10+N10+P10+R10+T10+V10+Y10+AC10+AE10 -> 31.11165
A11: 10 | B11: 4.693742 | C11: -74.110971 | D11: 10-105 | E11: UPZ30 | F11: LA FLORIDA | G11: PARQUE VECINAL | H11: 37987 | I11: 5918.0681 | J11: 0.045778155 | K11: 12978 | L11: =((K11-$K$56)/($K$55-$K$56))*Factores!$C$4 -> 11.087403 | M11: 3 | N11: =+IF(OR(M11=3,M11=2,M11=1),Factores!$C$5,0) -> 10 | O11: 1 | P11: =+IF(O11=1,Factores!$C$6,0) -> 10 | Q11: 1 | R11: =+IF(Q11=1,Factores!$C$7,0) -> 10 | S11: 1 | T11: =+IF(S11=1,Factores!$C$8,0) -> 20 | U11: 1 | V11: =+IF(U11=1,Factores!$C$9,0) -> 5 | W11: 0 | X11: 1 | Y11: =+IF((X11+W11)=1,Factores!$C$9,0) -> 5 | Z11: 9 | AA11: =+IF(Z11>0,0.5,0) -> 0.5 | AB11: 1 | AC11: =+IF(AB11=1,Factores!$C$11,IF(AA11=0.5,(Factores!$C$11/2),0)) -> 5 | AD11: -1 | AE11: =+IF(AD11<0,0,Factores!$C$12) -> 0 | AF11: =L11+N11+P11+R11+T11+V11+Y11+AC11+AE11 -> 76.087403 | AG11: Rodeado 4 calles Vía de 8,30 + andenes 3 mts 2 vías de 9;30 + andenes 2,50 y 3 a 4 anden parque Vía de 10,50 + andenes 2 mts 74 x 53 m | AH11: Mucho tráfico de camiones que parquean en frente del parque Colegio e Iglesia enfrente Cai y comercio en frente y ambulante
A12: 11 | B12: 4.706665 | C12: -74.107916 | D12: 10-119 | E12: UPZ29 | F12: URBANIZACION QUIRIGUA | G12: PARQUE VECINAL | H12: 37987 | I12: 6167.494 | J12: 0.030109887 | K12: 7368 | L12: =((K12-$K$56)/($K$55-$K$56))*Factores!$C$4 -> 6.286513 | M12: 3 | N12: =+IF(OR(M12=3,M12=2,M12=1),Factores!$C$5,0) -> 10 | O12: 0 | P12: =+IF(O12=1,Factores!$C$6,0) -> 0 | Q12: 1 | R12: =+IF(Q12=1,Factores!$C$7,0) -> 10 | S12: 1 | T12: =+IF(S12=1,Factores!$C$8,0) -> 20 | U12: 1 | V12: =+IF(U12=1,Factores!$C$9,0) -> 5 | W12: 0 | X12: 1 | Y12: =+IF((X12+W12)=1,Factores!$C$9,0) -> 5 | Z12: 8 | AA12: =+IF(Z12>0,0.5,0) -> 0.5 | AB12: 1 | AC12: =+IF(AB12=1,Factores!$C$11,IF(AA12=0.5,(Factores!$C$11/2),0)) -> 5 | AD12: -2 | AE12: =+IF(AD12<0,0,Factores!$C$12) -> 0 | AF12: =L12+N12+P12+R12+T12+V12+Y12+AC12+AE12 -> 61.286513 | AG12: Parque sobre la Calle 80 Vías aledañas no se puede parquear camiones | AH12: Hay un barrio a sus espaldas con vivienda, pero los alrededores incluyen el portal, la calle 80. No veo conveniente poner un mercado ahí,
A13: 12 | B13: 4.7104541 | C13: -74.100076 | D13: 10-019 | E13: UPZ29 | F13: URBANIZACION QUIRIGUA | G13: PARQUE VECINAL | H13: 37987 | I13: 6176.503 | J13: 0.052846034 | K13: 11964 | L13: =((K13-$K$56)/($K$55-$K$56))*Factores!$C$4 -> 10.219649 | M13: 3 | N13: =+IF(OR(M13=3,M13=2,M13=1),Factores!$C$5,0) -> 10 | O13: 1 | P13: =+IF(O13=1,Factores!$C$6,0) -> 10 | Q13: 0 | R13: =+IF(Q13=1,Factores!$C$7,0) -> 0 | S13: 0 | T13: =+IF(S13=1,Factores!$C$8,0) -> 0 | U13: 1 | V13: =+IF(U13=1,Factores!$C$9,0) -> 5 | W13: 0 | X13: 1 | Y13: =+IF((X13+W13)=1,Factores!$C$9,0) -> 5 | Z13: 1 | AA13: =+IF(Z13>0,0.5,0) -> 0.5 | AB13: 1 | AC13: =+IF(AB13=1,Factores!$C$11,IF(AA13=0.5,(Factores!C10/2),0)) -> 5 | AD13: 0 | AE13: =+IF(AD13<0,0,Factores!$C$12) -> 5 | AF13: =L13+N13+P13+R13+T13+V13+Y13+AC13+AE13 -> 50.219649 | AG13: Rodeado por 2 vías andenes del parque en mal estado y con poco ancho: 1.2 mts. Solo 1 es vehicular. Ancho 7,58 - Andenes: 1.5 86 x 74 mts | AH13: Una vía tiene ruta del SITP Colegio Distrital Vecino La otra vía no está consolidada
A14: 13 | B14: 4.6985696 | C14: -74.097258 | D14: 10-003 | E14: UPZ30 | F14: GRANJA | G14: PARQUE VECINAL | H14: 37987 | I14: 6315.5989 | J14: 0.02883514 | K14: 8079 | L14: =((K14-$K$56)/($K$55-$K$56))*Factores!$C$4 -> 6.8949681 | M14: 3 | N14: =+IF(OR(M14=3,M14=2,M14=1),Factores!$C$5,0) -> 10 | O14: 1 | P14: =+IF(O14=1,Factores!$C$6,0) -> 10 | Q14: 1 | R14: =+IF(Q14=1,Factores!$C$7,0) -> 10 | S14: 1 | T14: =+IF(S14=1,Factores!$C$8,0) -> 20 | U14: 1 | V14: =+IF(U14=1,Factores!$C$9,0) -> 5 | W14: -1 | X14: 1 | Y14: =+IF((X14+W14)=1,Factores!$C$9,0) -> 0 | Z14: 5 | AA14: =+IF(Z14>0,0.5,0) -> 0.5 | AB14: 1 | AC14: =+IF(AB14=1,Factores!$C$11,IF(AA14=0.5,(Factores!$C$11/2),0)) -> 5 | AD14: 0 | AE14: =+IF(AD14<0,0,Factores!$C$12) -> 5 | AF14: =L14+N14+P14+R14+T14+V14+Y14+AC14+AE14 -> 71.894968 | AG14: Rodeado por 4 calles 3 vías de 5.5 1 vías de 9.5 andenes de 2 73 x 74 | AH14: Iglesia en frente Terminal de transporte
A15: 14 | B15: 4.6895239 | C15: -74.08296 | D15: 10-618 | E15: UPZ26 | F15: URBANIZACIàN ALEJANDRÖA | G15: PARQUE VECINAL | H15: 38857 | I15: 6414.2865 | J15: 0.016149762 | K15: 4478 | L15: =((K15-$K$56)/($K$55-$K$56))*Factores!$C$4 -> 3.8133272 | M15: 3 | N15: =+IF(OR(M15=3,M15=2,M15=1),Factores!$C$5,0) -> 10 | O15: 1 | P15: =+IF(O15=1,Factores!$C$6,0) -> 10 | Q15: 1 | R15: =+IF(Q15=1,Factores!$C$7,0) -> 10 | S15: 0 | T15: =+IF(S15=1,Factores!$C$8,0) -> 0 | U15: 0 | V15: =+IF(U15=1,Factores!$C$9,0) -> 0 | W15: -1 | X15: 1 | Y15: =+IF((X15+W15)=1,Factores!$C$9,0) -> 0 | Z15: 4 | AA15: =+IF(Z15>0,0.5,0) -> 0.5 | AB15: 1 | AC15: =+IF(AB15=1,Factores!$C$11,IF(AA15=0.5,(Factores!$C$11/2),0)) -> 5 | AD15: -1 | AE15: =+IF(AD15<0,0,Factores!$C$12) -> 0 | AF15: =L15+N15+P15+R15+T15+V15+Y15+AC15+AE15 -> 38.813327 | AG15: Parque sobre la Calle 80 A un lado Carrefour, en el otro 1 conjunto residencial y al fondo un canal. Muy poca vivienda en los alrededores | AH15: NO APROPIADO
A16: 15 | B16: 4.7138086 | C16: -74.127249 | D16: 10-020 | E16: UPZ73 | F16: LA PERLA | G16: PARQUE VECINAL | H16: 37987 | I16: 6665.9951 | J16: 0.02835634 | K16: 13121 | L16: =((K16-$K$56)/($K$55-$K$56))*Factores!$C$4 -> 11.209779 | M16: 3 | N16: =+IF(OR(M16=3,M16=2,M16=1),Factores!$C$5,0) -> 10 | O16: 1 | P16: =+IF(O16=1,Factores!$C$6,0) -> 10 | Q16: 0 | R16: =+IF(Q16=1,Factores!$C$7,0) -> 0 | S16: 0 | T16: =+IF(S16=1,Factores!$C$8,0) -> 0 | U16: 0 | V16: =+IF(U16=1,Factores!$C$9,0) -> 0 | W16: -1 | X16: 1 | Y16: =+IF((X16+W16)=1,Factores!$C$9,0) -> 0 | Z16: 13 | AA16: =+IF(Z16>0,0.5,0) -> 0.5 | AB16: 1 | AC16: =+IF(AB16=1,Factores!$C$11,IF(AA16=0.5,(Factores!$C$11/2),0)) -> 5 | AD16: -1 | AE16: =+IF(AD16<0,0,Factores!$C$12) -> 0 | AF16: =L16+N16+P16+R16+T16+V16+Y16+AC16+AE16 -> 36.209779 | AG16: Rodeado de calles. Calle vehicular 1: SITP, pero con baranda que no permite el acceso Calle vehicular 2: Parqueo de buses SITP. Otras calles perfil muy angosto Vías 4,0- 4,50 - 7,0 - 9,0 mts andenes de 1,5 - 2 mts 61 x 104 mts | AH16: Congestión por comercio y parqueadero de busetas
A17: 16 | B17: 4.7129735 | C17: -74.129305 | D17: 10-734 | E17: UPZ73 | F17: URBANIZACIàN PORTAL DE ALCALA | G17: PARQUE VECINAL | H17: 42735 | I17: 6854.7956 | J17: 0.016927804 | K17: 8660 | L17: =((K17-$K$56)/($K$55-$K$56))*Factores!$C$4 -> 7.3921725 | M17: 2 | N17: =+IF(OR(M17=3,M17=2,M17=1),Factores!$C$5,0) -> 10 | O17: 0 | P17: =+IF(O17=1,Factores!$C$6,0) -> 0 | Q17: 1 | R17: =+IF(Q17=1,Factores!$C$7,0) -> 10 | S17: 1 | T17: =+IF(S17=1,Factores!$C$8,0) -> 20 | U17: 0 | V17: =+IF(U17=1,Factores!$C$9,0) -> 0 | W17: 0 | X17: 1 | Y17: =+IF((X17+W17)=1,Factores!$C$9,0) -> 5 | Z17: 5 | AA17: =+IF(Z17>0,0.5,0) -> 0.5 | AB17: 0 | AC17: =+IF(AB17=1,Factores!$C$11,IF(AA17=0.5,(Factores!$C$11/2),0)) -> 2.5 | AD17: 0 | AE17: =+IF(AD17<0,0,Factores!$C$12) -> 5 | AF17: =L17+N17+P17+R17+T17+V17+Y17+AC17+AE17 -> 59.892173 | AG17: Amplia zona con parqueaderos alrededor y el humedal Jaboque. Area sin consolidar, solo una vía de acceso, y de resto potreros y vías sin pavimentar
A18: 17 | B18: 4.676515 | C18: -74.100518 | D18: 10-157 | E18: UPZ26 | F18: URBANIZACION EL PASEO | G18: PARQUE VECINAL | H18: 37987 | I18: 7043.7771 | J18: 0.036577992 | K18: 9910 | L18: =((K18-$K$56)/($K$55-$K$56))*Factores!$C$4 -> 8.4618895 | M18: 3 | N18: =+IF(OR(M18=3,M18=2,M18=1),Factores!$C$5,0) -> 10 | O18: 0 | P18: =+IF(O18=1,Factores!$C$6,0) -> 0 | Q18: 0 | R18: =+IF(Q18=1,Factores!$C$7,0) -> 0 | S18: 0 | T18: =+IF(S18=1,Factores!$C$8,0) -> 0 | U18: 0 | V18: =+IF(U18=1,Factores!$C$9,0) -> 0 | W18: 0 | X18: 1 | Y18: =+IF((X18+W18)=1,Factores!$C$9,0) -> 5 | Z18: 6 | AA18: =+IF(Z18>0,0.5,0) -> 0.5 | AB18: o | AC18: =+IF(AB18=1,Factores!$C$11,IF(AA18=0.5,(Factores!$C$11/2),0)) -> 2.5 | AD18: o | AE18: =+IF(AD18<0,0,Factores!$C$12) -> 5 | AF18: =L18+N18+P18+R18+T18+V18+Y18+AC18+AE18 -> 30.96189 | AG18: Vías de 5,5 y andenes antiguos de 1 mt Cambio de nivel al parque Cancha de futbol con reja
A19: 18 | B19: 4.6890034 | C19: -74.092069 | D19: 10-043 | E19: UPZ26 | F19: URBANIZACIàN LA BONANZA I SECTOR | G19: PARQUE VECINAL | H19: 37987 | I19: 7212.3986 | J19: 0.02624844 | K19: 7981 | L19: =((K19-$K$56)/($K$55-$K$56))*Factores!$C$4 -> 6.8111022 | M19: 3 | N19: =+IF(OR(M19=3,M19=2,M19=1),Factores!$C$5,0) -> 10 | O19: 0 | P19: =+IF(O19=1,Factores!$C$6,0) -> 0 | Q19: 0 | R19: =+IF(Q19=1,Factores!$C$7,0) -> 0 | S19: 1 | T19: =+IF(S19=1,Factores!$C$8,0) -> 20 | U19: 0 | V19: =+IF(U19=1,Factores!$C$9,0) -> 0 | W19: 0 | X19: 1 | Y19: =+IF((X19+W19)=1,Factores!$C$9,0) -> 5 | Z19: 10 | AA19: =+IF(Z19>0,0.5,0) -> 0.5 | AB19: 0 | AC19: =+IF(AB19=1,Factores!$C$11,IF(AA19=0.5,(Factores!$C$11/2),0)) -> 2.5 | AD19: 0 | AE19: =+IF(AD19<0,0,Factores!$C$12) -> 5 | AF19: =L19+N19+P19+R19+T19+V19+Y19+AC19+AE19 -> 49.311102 | AG19: Vías de 5,5 y andenes antiguos de 1 mt Vías peatonales y frente de vivienda al parque
A20: 19 | B20: 4.7242785 | C20: -74.112528 | D20: 10-177 | E20: UPZ72 | F20: CIUDADELA COLSUBSIDIO | G20: PARQUE VECINAL | H20: 37987 | I20: 8061.8991 | J20: 0.035075945 | K20: 9729 | L20: =((K20-$K$56)/($K$55-$K$56))*Factores!$C$4 -> 8.3069945 | M20: 3 | N20: =+IF(OR(M20=3,M20=2,M20=1),Factores!$C$5,0) -> 10 | O20: 1 | P20: =+IF(O20=1,Factores!$C$6,0) -> 10 | Q20: 0 | R20: =+IF(Q20=1,Factores!$C$7,0) -> 0 | S20: 0 | T20: =+IF(S20=1,Factores!$C$8,0) -> 0 | U20: 1 | V20: =+IF(U20=1,Factores!$C$9,0) -> 5 | W20: -1 | X20: 1 | Y20: =+IF((X20+W20)=1,Factores!$C$9,0) -> 0 | Z20: 9 | AA20: =+IF(Z20>0,0.5,0) -> 0.5 | AB20: 1 | AC20: =+IF(AB20=1,Factores!$C$11,IF(AA20=0.5,(Factores!$C$11/2),0)) -> 5 | AD20: 0 | AE20: =+IF(AD20<0,0,Factores!$C$12) -> 5 | AF20: =L20+N20+P20+R20+T20+V20+Y20+AC20+AE20 -> 43.306995 | AG20: Vías perfil de 7,5, Andenes de 1 a 3 mts, Pocas zonas que permiten ubicación de mercados Arborizado bajo y tupido no permite las carpas Cai SITP Parque Ciudadela Colsubsidio
A21: 20 | B21: 4.70153 | C21: -74.105638 | D21: 10-249 | E21: UPZ30 | F21: URBANIZACIàN FLORENCIA I SECTOR | G21: PARQUE VECINAL | H21: 37987 | I21: 8196.7719 | J21: 0.05264431 | K21: 14576 | L21: =((K21-$K$56)/($K$55-$K$56))*Factores!$C$4 -> 12.454929 | M21: 3 | N21: =+IF(OR(M21=3,M21=2,M21=1),Factores!$C$5,0) -> 10 | O21: 0 | P21: =+IF(O21=1,Factores!$C$6,0) -> 0 | Q21: 0 | R21: =+IF(Q21=1,Factores!$C$7,0) -> 0 | S21: 0 | T21: =+IF(S21=1,Factores!$C$8,0) -> 0 | U21: 0 | V21: =+IF(U21=1,Factores!$C$9,0) -> 0 | W21: 0 | X21: 1 | Y21: =+IF((X21+W21)=1,Factores!$C$9,0) -> 5 | Z21: 6 | AA21: =+IF(Z21>0,0.5,0) -> 0.5 | AB21: 0 | AC21: =+IF(AB21=1,Factores!$C$11,IF(AA21=0.5,(Factores!$C$11/2),0)) -> 2.5 | AD21: 0 | AE21: =+IF(AD21<0,0,Factores!$C$12) -> 5 | AF21: =L21+N21+P21+R21+T21+V21+Y21+AC21+AE21 -> 34.954929 | AG21: Parque totalmente enrejado no permite su uso para mercados moviles
A22: 21 | B22: 4.7050227 | C22: -74.134515 | D22: 10-099 | E22: UPZ74 | F22: DESARROLLO VILLA GLADYS | G22: PARQUE VECINAL | H22: 37987 | I22: 8295.9835 | J22: 0.044485448 | K22: 12739 | L22: =((K22-$K$56)/($K$55-$K$56))*Factores!$C$4 -> 10.882873 | M22: 2 | N22: =+IF(OR(M22=3,M22=2,M22=1),Factores!$C$5,0) -> 10 | O22: 1 | P22: =+IF(O22=1,Factores!$C$6,0) -> 10 | Q22: 0 | R22: =+IF(Q22=1,Factores!$C$7,0) -> 0 | S22: 0 | T22: =+IF(S22=1,Factores!$C$8,0) -> 0 | U22: 1 | V22: =+IF(U22=1,Factores!$C$9,0) -> 5 | W22: 0 | X22: 1 | Y22: =+IF((X22+W22)=1,Factores!$C$9,0) -> 5 | Z22: 13 | AA22: =+IF(Z22>0,0.5,0) -> 0.5 | AB22: 1 | AC22: =+IF(AB22=1,Factores!$C$11,IF(AA22=0.5,(Factores!$C$11/2),0)) -> 5 | AD22: 0 | AE22: =+IF(AD22<0,0,Factores!$C$12) -> 5 | AF22: =L22+N22+P22+R22+T22+V22+Y22+AC22+AE22 -> 50.882873 | AG22: Calles y andenes amplios, pero el parque está a desnivel del anden. Hay bolardos, rejas y postes de alumbrado que no permiten que haya zonas para los mercados
A23: 22 | B23: 4.6734718 | C23: -74.093369 | D23: 10-153 | E23: UPZ26 | F23: URBANIZACION CIUDAD DE HONDA | G23: PARQUE VECINAL | H23: 37987 | I23: 8761.3368 | J23: 0.028363419 | K23: 10477 | L23: =((K23-$K$56)/($K$55-$K$56))*Factores!$C$4 -> 8.9471132 | M23: 3 | N23: =+IF(OR(M23=3,M23=2,M23=1),Factores!$C$5,0) -> 10 | O23: 0 | P23: =+IF(O23=1,Factores!$C$6,0) -> 0 | Q23: 1 | R23: =+IF(Q23=1,Factores!$C$7,0) -> 10 | S23: 0 | T23: =+IF(S23=1,Factores!$C$8,0) -> 0 | U23: 1 | V23: =+IF(U23=1,Factores!$C$9,0) -> 5 | W23: 0 | X23: 1 | Y23: =+IF((X23+W23)=1,Factores!$C$9,0) -> 5 | Z23: 3 | AA23: =+IF(Z23>0,0.5,0) -> 0.5 | AB23: 0 | AC23: =+IF(AB23=1,Factores!$C$11,IF(AA23=0.5,(Factores!$C$11/2),0)) -> 2.5 | AD23: 0 | AE23: =+IF(AD23<0,0,Factores!$C$12) -> 5 | AF23: =L23+N23+P23+R23+T23+V23+Y23+AC23+AE23 -> 46.447113 | AG23: Calles cerradas. Parque con reja en las canchas. Solo una zona para localizar (cancha multiple. Pero la calle es muy estrecha
A24: 23 | B24: 4.679702 | C24: -74.102929 | D24: 10-127 | E24: UPZ31 | F24: URBANIZACIàN LUJAN | G24: PARQUE VECINAL | H24: 37987 | I24: 8910.6172 | J24: 0.036568824 | K24: 8266 | L24: =((K24-$K$56)/($K$55-$K$56))*Factores!$C$4 -> 7.0549977 | M24: 3 | N24: =+IF(OR(M24=3,M24=2,M24=1),Factores!$C$5,0) -> 10 | O24: 0 | P24: =+IF(O24=1,Factores!$C$6,0) -> 0 | Q24: 0 | R24: =+IF(Q24=1,Factores!$C$7,0) -> 0 | S24: 0 | T24: =+IF(S24=1,Factores!$C$8,0) -> 0 | U24: 1 | V24: =+IF(U24=1,Factores!$C$9,0) -> 5 | W24: 0 | X24: 1 | Y24: =+IF((X24+W24)=1,Factores!$C$9,0) -> 5 | Z24: 9 | AA24: =+IF(Z24>0,0.5,0) -> 0.5 | AB24: 0 | AC24: =+IF(AB24=1,Factores!$C$11,IF(AA24=0.5,(Factores!$C$11/2),0)) -> 2.5 | AD24: 0 | AE24: =+IF(AD24<0,0,Factores!$C$12) -> 5 | AF24: =L24+N24+P24+R24+T24+V24+Y24+AC24+AE24 -> 34.554998 | AG24: Cancha de futbol, parque con reja Colegio vecino
A25: 24 | B25: 4.7161088 | C25: -74.102934 | D25: 10-011 | E25: UPZ29 | F25: URBANIZACIàN BACHUE I ETAPA | G25: PARQUE VECINAL | H25: 37987 | I25: 9587.0051 | J25: 0.073812626 | K25: 15567 | L25: =((K25-$K$56)/($K$55-$K$56))*Factores!$C$4 -> 13.303001 | M25: 2 | N25: =+IF(OR(M25=3,M25=2,M25=1),Factores!$C$5,0) -> 10 | O25: 1 | P25: =+IF(O25=1,Factores!$C$6,0) -> 10 | Q25: 1 | R25: =+IF(Q25=1,Factores!$C$7,0) -> 10 | S25: 0 | T25: =+IF(S25=1,Factores!$C$8,0) -> 0 | U25: 0 | V25: =+IF(U25=1,Factores!$C$9,0) -> 0 | W25: 0 | X25: 1 | Y25: =+IF((X25+W25)=1,Factores!$C$9,0) -> 5 | Z25: 6 | AA25: =+IF(Z25>0,0.5,0) -> 0.5 | AB25: 1 | AC25: =+IF(AB25=1,Factores!$C$11,IF(AA25=0.5,(Factores!$C$11/2),0)) -> 5 | AD25: 0 | AE25: =+IF(AD25<0,0,Factores!$C$12) -> 5 | AF25: =L25+N25+P25+R25+T25+V25+Y25+AC25+AE25 -> 58.303001 | AG25: Zona de parqueaderos en la calle de buses, camiones, etc. Igelsia y colegio vecinos. Hay una zona en la cancha multiple que permitiría la ubicación del mercado parque entre culatas de vivienda
A26: 25 | B26: 4.6748107 | C26: -74.108239 | D26: 10-047 | E26: UPZ31 | F26: URBANIZACION NORMANDIA IV SECTOR | G26: PARQUE VECINAL | H26: 37987 | I26: 9792.1359 | J26: 0.034270592 | K26: 8248 | L26: =((K26-$K$56)/($K$55-$K$56))*Factores!$C$4 -> 7.0395938 | M26: 4 | N26: =+IF(OR(M26=3,M26=2,M26=1),Factores!$C$5,0) -> 0 | O26: 1 | P26: =+IF(O26=1,Factores!$C$6,0) -> 10 | Q26: 0 | R26: =+IF(Q26=1,Factores!$C$7,0) -> 0 | S26: 0 | T26: =+IF(S26=1,Factores!$C$8,0) -> 0 | U26: 0 | V26: =+IF(U26=1,Factores!$C$9,0) -> 0 | W26: 0 | X26: 1 | Y26: =+IF((X26+W26)=1,Factores!$C$9,0) -> 5 | Z26: 7 | AA26: =+IF(Z26>0,0.5,0) -> 0.5 | AB26: 0 | AC26: =+IF(AB26=1,Factores!$C$11,IF(AA26=0.5,(Factores!$C$11/2),0)) -> 2.5 | AD26: 0 | AE26: =+IF(AD26<0,0,Factores!$C$12) -> 5 | AF26: =L26+N26+P26+R26+T26+V26+Y26+AC26+AE26 -> 29.539594 | AG26: 2 vías d 7,5 y 2 de 5,5. Andenes de 1 mts antiguos. Arboles antiguos, y muy cercanos
A27: 26 | B27: 4.7221165 | C27: -74.115359 | D27: 10-285 | E27: UPZ72 | F27: CIUDADELA COLSUBSIDIO | G27: PARQUE VECINAL | H27: 37987 | I27: 9822.87 | J27: 0.024774411 | K27: 6786 | L27: =((K27-$K$56)/($K$55-$K$56))*Factores!$C$4 -> 5.7884528 | M27: 3 | N27: =+IF(OR(M27=3,M27=2,M27=1),Factores!$C$5,0) -> 10 | O27: 1 | P27: =+IF(O27=1,Factores!$C$6,0) -> 10 | Q27: 1 | R27: =+IF(Q27=1,Factores!$C$7,0) -> 10 | S27: 1 | T27: =+IF(S27=1,Factores!$C$8,0) -> 20 | U27: 0 | V27: =+IF(U27=1,Factores!$C$9,0) -> 0 | W27: -1 | X27: 1 | Y27: =+IF((X27+W27)=1,Factores!$C$9,0) -> 0 | Z27: 7 | AA27: =+IF(Z27>0,0.5,0) -> 0.5 | AB27: 1 | AC27: =+IF(AB27=1,Factores!$C$11,IF(AA27=0.5,(Factores!$C$11/2),0)) -> 5 | AD27: 0 | AE27: =+IF(AD27<0,0,Factores!$C$12) -> 5 | AF27: =L27+N27+P27+R27+T27+V27+Y27+AC27+AE27 -> 65.788453 | AG27: 5 vías: 7,5 a 8,5 mts Andenes de 2 mts con empradizado en frente. 232 x 50 mts Ciudadela Colsubsidio Ciertas zonas permitírían, de resto es muy arborizado
A28: 27 | B28: 4.6790773 | C28: -74.105017 | D28: 10-084 | E28: UPZ31 | F28: URBANIZACION EL ENCANTO | G28: PARQUE VECINAL | H28: 37987 | I28: 9823.3162 | J28: 0.04138511 | K28: 9720 | L28: =((K28-$K$56)/($K$55-$K$56))*Factores!$C$4 -> 8.2992926 | M28: 3 | N28: =+IF(OR(M28=3,M28=2,M28=1),Factores!$C$5,0) -> 10 | O28: 1 | P28: =+IF(O28=1,Factores!$C$6,0) -> 10 | Q28: 0 | R28: =+IF(Q28=1,Factores!$C$7,0) -> 0 | S28: 1 | T28: =+IF(S28=1,Factores!$C$8,0) -> 20 | U28: 1 | V28: =+IF(U28=1,Factores!$C$9,0) -> 5 | W28: 0 | X28: 1 | Y28: =+IF((X28+W28)=1,Factores!$C$9,0) -> 5 | Z28: 10 | AA28: =+IF(Z28>0,0.5,0) -> 0.5 | AB28: 0 | AC28: =+IF(AB28=1,Factores!$C$11,IF(AA28=0.5,(Factores!$C$11/2),0)) -> 2.5 | AD28: 0 | AE28: =+IF(AD28<0,0,Factores!$C$12) -> 5 | AF28: =L28+N28+P28+R28+T28+V28+Y28+AC28+AE28 -> 65.799293 | AG28: 2 vías de 6,30 2 vía de 7,30 Andenes antiguos parque 1 mt más empradizado, vivienda; 1,80 170 x 65 mts a 1 cuadra parque empresarial normandía
A29: 28 | B29: 4.6766824 | C29: -74.111028 | D29: 10-007 | E29: UPZ31 | F29: URBANIZACION SANTA CECILIA | G29: PARQUE VECINAL | H29: 37987 | I29: 9906.2901 | J29: 0.028464254 | K29: 7026 | L29: =((K29-$K$56)/($K$55-$K$56))*Factores!$C$4 -> 5.9938384 | M29: 3 | N29: =+IF(OR(M29=3,M29=2,M29=1),Factores!$C$5,0) -> 10 | O29: 1 | P29: =+IF(O29=1,Factores!$C$6,0) -> 10 | Q29: 0 | R29: =+IF(Q29=1,Factores!$C$7,0) -> 0 | S29: 1 | T29: =+IF(S29=1,Factores!$C$8,0) -> 20 | U29: 1 | V29: =+IF(U29=1,Factores!$C$9,0) -> 5 | W29: 0 | X29: 1 | Y29: =+IF((X29+W29)=1,Factores!$C$9,0) -> 5 | Z29: 11 | AA29: =+IF(Z29>0,0.5,0) -> 0.5 | AB29: 0 | AC29: =+IF(AB29=1,Factores!$C$11,IF(AA29=0.5,(Factores!$C$11/2),0)) -> 2.5 | AD29: 0 | AE29: =+IF(AD29<0,0,Factores!$C$12) -> 5 | AF29: =L29+N29+P29+R29+T29+V29+Y29+AC29+AE29 -> 63.493838 | AG29: 2 vías 7,50 + anden 1,20 al parque y 2,50 a las casas Completa la manzana bloques de edificios a 1 edif comercio de la calle 53 81 x 90
A30: 29 | B30: 4.6867874 | C30: -74.098604 | D30: 10-001 | E30: UPZ30 | F30: BOYACA REAL | G30: PARQUE VECINAL | H30: 37987 | I30: 9952.059 | J30: 0.024932399 | K30: 6065 | L30: =((K30-$K$56)/($K$55-$K$56))*Factores!$C$4 -> 5.17144 | M30: 3 | N30: =+IF(OR(M30=3,M30=2,M30=1),Factores!$C$5,0) -> 10 | O30: 1 | P30: =+IF(O30=1,Factores!$C$6,0) -> 10 | Q30: 1 | R30: =+IF(Q30=1,Factores!$C$7,0) -> 10 | S30: 0 | T30: =+IF(S30=1,Factores!$C$8,0) -> 0 | U30: 1 | V30: =+IF(U30=1,Factores!$C$9,0) -> 5 | W30: -1 | X30: 0 | Y30: =+IF((X30+W30)=1,Factores!$C$9,0) -> 0 | Z30: 10 | AA30: =+IF(Z30>0,0.5,0) -> 0.5 | AB30: 0 | AC30: =+IF(AB30=1,Factores!$C$11,IF(AA30=0.5,(Factores!$C$11/2),0)) -> 2.5 | AD30: 0 | AE30: =+IF(AD30<0,0,Factores!$C$12) -> 5 | AF30: =L30+N30+P30+R30+T30+V30+Y30+AC30+AE30 -> 47.67144 | AG30: 3 vías de 5,50 y andenes de 1,5 a 2 1 vía de 7,50 1 zona de canchas multiples apta para el mercado, pero con mal perfil de vía para parquear el camión Zona cancha futbol con reja 100 x 100
... A51: 50 | B51: 4.6692115 | C51: -74.101157 | D51: 10-291 | E51: UPZ105 | F51: SIMON BOLIVAR ( SECTOR JARDIN BOTANICO ) | G51: PARQUE METROPOLITANO | H51: 37987 | I51: 193525.95 | J51: 0.0018024665 | K51: 2201 | L51: =((K51-$K$56)/($K$55-$K$56))*Factores!$C$4 -> 1.8647307 | M51: 4 | N51: =+IF(OR(M51=3,M51=2,M51=1),Factores!$C$5,0) -> 0 | O51: 1 | P51: =+IF(O51=1,Factores!$C$6,0) -> 10 | Q51: 1 | R51: =+IF(Q51=1,Factores!$C$7,0) -> 10 | S51: 0 | T51: =+IF(S51=1,Factores!$C$8,0) -> 0 | U51: 1 | V51: =+IF(U51=1,Factores!$C$9,0) -> 5 | W51: 0 | X51: 1 | Y51: =+IF((X51+W51)=1,Factores!$C$9,0) -> 5 | Z51: 6 | AA51: =+IF(Z51>0,0.5,0) -> 0.5 | AB51: 1 | AC51: =+IF(AB51=1,Factores!$C$11,IF(AA51=0.5,(Factores!$C$11/2),0)) -> 5 | AD51: 0 | AE51: =+IF(AD51<0,0,Factores!$C$12) -> 5 | AF51: =L51+N51+P51+R51+T51+V51+Y51+AC51+AE51 -> 41.864731 | AG51: Jardín Botánico. Debe hacerse al interior, en la zona de parqueo?
A52: 51 | B52: 4.7150758 | C52: -74.141961 | D52: 10-009 | E52: UPZ74 | F52: ENGATIVÁ | G52: PARQUE VECINAL | H52: 37987 | I52: 3841.633 | J52: 0.0092980545 | K52: 10440 | L52: =((K52-$K$56)/($K$55-$K$56))*Factores!$C$4 -> 8.9154496 | M52: 2 | N52: =+IF(OR(M52=3,M52=2,M52=1),Factores!$C$5,0) -> 10 | O52: 1 | P52: =+IF(O52=1,Factores!$C$6,0) -> 10 | Q52: 1 | R52: =+IF(Q52=1,Factores!$C$7,0) -> 10 | S52: 1 | T52: =+IF(S52=1,Factores!$C$8,0) -> 20 | U52: 1 | V52: =+IF(U52=1,Factores!$C$9,0) -> 5 | W52: 0 | X52: 1 | Y52: =+IF((X52+W52)=1,Factores!$C$9,0) -> 5 | Z52: 14 | AA52: =+IF(Z52>0,0.5,0) -> 0.5 | AB52: 1 | AC52: =+IF(AB52=1,Factores!$C$11,IF(AA52=0.5,(Factores!$C$11/2),0)) -> 5 | AD52: 0 | AE52: =+IF(AD52<0,0,Factores!$C$12) -> 5 | AF52: =L52+N52+P52+R52+T52+V52+Y52+AC52+AE52 -> 78.91545
A53: 52 | B53: 4.670983 | C53: -74.102055 | E53: UPZ31 | F53: BAHÍA NORMANDÍA | J53: 0.020646328 | K53: 4013 | L53: =((K53-$K$56)/($K$55-$K$56))*Factores!$C$4 -> 3.4153925 | M53: 4 | N53: =+IF(OR(M53=3,M53=2,M53=1),Factores!$C$5,0) -> 0 | O53: 1 | P53: =+IF(O53=1,Factores!$C$6,0) -> 10 | Q53: 1 | R53: =+IF(Q53=1,Factores!$C$7,0) -> 10 | S53: 1 | T53: =+IF(S53=1,Factores!$C$8,0) -> 20 | U53: 0 | V53: =+IF(U53=1,Factores!$C$9,0) -> 0 | W53: 0 | X53: 1 | Y53: =+IF((X53+W53)=1,Factores!$C$9,0) -> 5 | Z53: 7 | AA53: =+IF(Z53>0,0.5,0) -> 0.5 | AB53: 1 | AC53: =+IF(AB53=1,Factores!$C$11,IF(AA53=0.5,(Factores!$C$11/2),0)) -> 5 | AD53: 1 | AE53: =+IF(AD53<0,0,Factores!$C$12) -> 5 | AF53: =L53+N53+P53+R53+T53+V53+Y53+AC53+AE53 -> 58.415393
B55: 4.67 | C55: 74.1 | J55: Maximo | K55: =MAX(K2:K53) -> 17550
B56: 599756 | C56: 516039 | J56: Minimo | K56: =MIN(K2:K53) -> 22 | AF56: 25 | AG56: No pasan
AF57: 6 | AG57: Podrían
AF58: 19 | AG58: ok

Sheet Hoja1
B1: Area | C1: Population | D1: Roads | E1: Morphology | F1: Traffic
A2: Alternative 1 | B2: 1000 km2 | C2: 14779 | D2: Yes | E2: Good | F2: Low
A3: Alernative 2 | B3: 800 km2 | C3: 8708 | D3: No | E3: Bad | F3: High
A4: …
A5: Alternative 50 | B5: 2500km2 | C5: 17550 | D5: Yes | E5: Bad | F5: Middle

Sheet Factores
B3: Factor | C3: Weight | F3: Factor | G3: Weight
B4: Población | C4: 15 | F4: 1. Population | G4: 50
B5: Estrato | C5: 10 | F5: 2. Social Stratification | G5: 40
B6: Perfiles viales | C6: 10 | F6: 3. Vehicle's road width | G6: 40
B7: Zonas duras y andenes | C7: 10 | F7: 4. Sidewalks and Hard Floor | G7: 40
B8: Morfología | C8: 20 | F8: 5. Shape morphology | G8: 50
B9: Equipamientos comunales | C9: 5 | F9: 6. Social facilities | G9: 10
B10: Usos de suelo | C10: 20 | F10: 7. Land Use | G10: 50
B11: Transporte público | C11: 5 | F11: 8. Public Transportation | G11: 10
B12: Tráfico Vehicular | C12: 5 | F12: 9. Traffic | G12: 10
B13: Total | C13: =SUM(C4:C12) -> 100 | F13: Total (Maximum score) | G13: 300
C17: 50 | D17: 300
D18: 100

Sheet Resumen 
B2: No | C2: NOMBRE_PAR | D2: TIPO PARQUE | E2: AREA | F2: 1. Población | G2: 2. Estrato | H2: 3. Perfiles Viales | I2: 4. Zonas Duras Andenes | J2: 5. Morfología | K2: 6. Equipamientos | L2: 7. Vivienda | M2: 8. SITP | N2: 9. Tráfico Vehicular | O2: Total
B3: 36 | C3: URBANIZACION EL MADRIGAL PRIMER SECTOR | D3: PARQUE VECINAL | E3: 11522.075 | F3: 6.1829644 | G3: 10 | H3: 0 | I3: 0 | J3: 0 | K3: 0 | L3: 5 | M3: 2.5 | N3: 5 | O3: =SUM(F3:N3) -> 28.682964
B4: 25 | C4: URBANIZACION NORMANDIA IV SECTOR | D4: PARQUE VECINAL | E4: 9792.1359 | F4: 7.0395938 | G4: 0 | H4: 10 | I4: 0 | J4: 0 | K4: 0 | L4: 5 | M4: 2.5 | N4: 5 | O4: =SUM(F4:N4) -> 29.539594
B5: 17 | C5: URBANIZACION EL PASEO | D5: PARQUE VECINAL | E5: 7043.7771 | F5: 8.4618895 | G5: 10 | H5: 0 | I5: 0 | J5: 0 | K5: 0 | L5: 5 | M5: 2.5 | N5: 5 | O5: =SUM(F5:N5) -> 30.96189
B6: 9 | C6: URBANIZACION BOCHICA MULTICENTRO (PRIIMERA Y SEGUNDA ETAPA) | D6: PARQUE VECINAL | E6: 5829.4295 | F6: 8.6116499 | G6: 10 | H6: 0 | I6: 0 | J6: 0 | K6: 0 | L6: 5 | M6: 2.5 | N6: 5 | O6: =SUM(F6:N6) -> 31.11165
B7: 46 | C7: URBANIZACION CIUDADELA INDUSTRIAL EL DORADO | D7: PARQUE VECINAL | E7: 30163.766 | F7: 3.3272478 | G7: 10 | H7: 10 | I7: 0 | J7: 0 | K7: 0 | L7: 0 | M7: 5 | N7: 5 | O7: =SUM(F7:N7) -> 33.327248
B8: 23 | C8: URBANIZACIàN LUJAN | D8: PARQUE VECINAL | E8: 8910.6172 | F8: 7.0549977 | G8: 10 | H8: 0 | I8: 0 | J8: 0 | K8: 5 | L8: 5 | M8: 2.5 | N8: 5 | O8: =SUM(F8:N8) -> 34.554998
B9: 20 | C9: URBANIZACIàN FLORENCIA I SECTOR | D9: PARQUE VECINAL | E9: 8196.7719 | F9: 12.454929 | G9: 10 | H9: 0 | I9: 0 | J9: 0 | K9: 0 | L9: 5 | M9: 2.5 | N9: 5 | O9: =SUM(F9:N9) -> 34.954929
B10: 15 | C10: LA PERLA | D10: PARQUE VECINAL | E10: 6665.9951 | F10: 11.209779 | G10: 10 | H10: 10 | I10: 0 | J10: 0 | K10: 0 | L10: 0 | M10: 5 | N10: 0 | O10: =SUM(F10:N10) -> 36.209779
B11: 31 | C11: URBANIZACION SANTA MARIA 1 Y 2 SECTOR | D11: PARQUE VECINAL | E11: 10242.771 | F11: 4.2668873 | G11: 10 | H11: 10 | I11: 0 | J11: 0 | K11: 0 | L11: 5 | M11: 2.5 | N11: 5 | O11: =SUM(F11:N11) -> 36.766887
B12: 1 | C12: URBANIZACIàN GRAN GRANADA I ETAPA | D12: PARQUE VECINAL | E12: 4779.7152 | F12: 12.628651 | G12: 10 | H12: 0 | I12: 0 | J12: 0 | K12: 0 | L12: 5 | M12: 5 | N12: 5 | O12: =SUM(F12:N12) -> 37.628651
B13: 14 | C13: URBANIZACIàN ALEJANDRÖA | D13: PARQUE VECINAL | E13: 6414.2865 | F13: 3.8133272 | G13: 10 | H13: 10 | I13: 10 | J13: 0 | K13: 0 | L13: 0 | M13: 5 | N13: 0 | O13: =SUM(F13:N13) -> 38.813327
B14: 50 | C14: SIMON BOLIVAR ( SECTOR JARDIN BOTANICO ) | D14: PARQUE METROPOLITANO | E14: 193525.95 | F14: 1.8647307 | G14: 0 | H14: 10 | I14: 10 | J14: 0 | K14: 5 | L14: 5 | M14: 5 | N14: 5 | O14: =SUM(F14:N14) -> 41.864731
... B30: 24 | C30: URBANIZACIàN BACHUE I ETAPA | D30: PARQUE VECINAL | E30: 9587.0051 | F30: 13.303001 | G30: 10 | H30: 10 | I30: 10 | J30: 0 | K30: 0 | L30: 5 | M30: 5 | N30: 5 | O30: =SUM(F30:N30) -> 58.303001
B31: 52 | C31: BAHÍA NORMANDÍA | F31: 3.4153925 | G31: 0 | H31: 10 | I31: 10 | J31: 20 | K31: 0 | L31: 5 | M31: 5 | N31: 5 | O31: =SUM(F31:N31) -> 58.415393
B32: 49 | C32: SAN ANDRES | D32: PARQUE ZONAL | E32: 67578.276 | F32: 9.7096075 | G32: 10 | H32: 10 | I32: 10 | J32: 0 | K32: 5 | L32: 5 | M32: 5 | N32: 5 | O32: =SUM(F32:N32) -> 59.709607
B33: 38 | C33: URBANIZACION LA ESPA¥OLA | D33: PARQUE VECINAL | E33: 12515.216 | F33: 7.3896052 | G33: 10 | H33: 10 | I33: 0 | J33: 20 | K33: 0 | L33: 5 | M33: 2.5 | N33: 5 | O33: =SUM(F33:N33) -> 59.889605
B34: 16 | C34: URBANIZACIàN PORTAL DE ALCALA | D34: PARQUE VECINAL | E34: 6854.7956 | F34: 7.3921725 | G34: 10 | H34: 0 | I34: 10 | J34: 20 | K34: 0 | L34: 5 | M34: 2.5 | N34: 5 | O34: =SUM(F34:N34) -> 59.892173
B35: 11 | C35: URBANIZACION QUIRIGUA | D35: PARQUE VECINAL | E35: 6167.494 | F35: 6.286513 | G35: 10 | H35: 0 | I35: 10 | J35: 20 | K35: 5 | L35: 5 | M35: 5 | N35: 0 | O35: =SUM(F35:N35) -> 61.286513
B36: 28 | C36: URBANIZACION SANTA CECILIA | D36: PARQUE VECINAL | E36: 9906.2901 | F36: 5.9938384 | G36: 10 | H36: 10 | I36: 0 | J36: 20 | K36: 5 | L36: 5 | M36: 2.5 | N36: 5 | O36: =SUM(F36:N36) -> 63.493838
B37: 43 | C37: URBANIZACION SAN MARCOS MANZANAS 14-15-44, URBANIZACION SAN MARCOS | D37: PARQUE VECINAL | E37: 17275.11 | F37: 8.6552944 | G37: 10 | H37: 10 | I37: 0 | J37: 20 | K37: 0 | L37: 5 | M37: 5 | N37: 5 | O37: =SUM(F37:N37) -> 63.655294
B38: 5 | C38: URBANIZACIàN BOSQUE POPULAR | D38: PARQUE VECINAL | E38: 4872.6847 | F38: 4.9249772 | G38: 10 | H38: 0 | I38: 10 | J38: 20 | K38: 5 | L38: 5 | M38: 5 | N38: 5 | O38: =SUM(F38:N38) -> 64.924977
B39: 33 | C39: DESARROLLO VILLA GLADYS | D39: PARQUE VECINAL | E39: 10319.909 | F39: 5.6583752 | G39: 10 | H39: 10 | I39: 10 | J39: 20 | K39: 5 | L39: 0 | M39: 5 | N39: 0 | O39: =SUM(F39:N39) -> 65.658375
B40: 26 | C40: CIUDADELA COLSUBSIDIO | D40: PARQUE VECINAL | E40: 9822.87 | F40: 5.7884528 | G40: 10 | H40: 10 | I40: 10 | J40: 20 | K40: 0 | L40: 0 | M40: 5 | N40: 5 | O40: =SUM(F40:N40) -> 65.788453
B41: 27 | C41: URBANIZACION EL ENCANTO | D41: PARQUE VECINAL | E41: 9823.3162 | F41: 8.2992926 | G41: 10 | H41: 10 | I41: 0 | J41: 20 | K41: 5 | L41: 5 | M41: 2.5 | N41: 5 | O41: =SUM(F41:N41) -> 65.799293
B42: 7 | C42: URBANIZACIàN DEL BARRIO LAS FERIAS | D42: PARQUE VECINAL | E42: 5509.1736 | F42: 6.8735737 | G42: 10 | H42: 10 | I42: 10 | J42: 20 | K42: 5 | L42: 0 | M42: 5 | N42: 0 | O42: =SUM(F42:N42) -> 66.873574
B43: 4 | C43: DESARROLLO LINTERAMA | D43: PARQUE VECINAL | E43: 4838.638 | F43: 15 | G43: 10 | H43: 0 | I43: 10 | J43: 20 | K43: 0 | L43: 5 | M43: 2.5 | N43: 5 | O43: =SUM(F43:N43) -> 67.5
... B54: 32 | C54: URBANIZACION CIUDADELA COLSUBSIDIO SECTOR IV | D54: PARQUE VECINAL | E54: 10319.85 | F54: 14.893884 | G54: 10 | H54: 10 | I54: 10 | J54: 20 | K54: 0 | L54: 5 | M54: 5 | N54: 5 | O54: =SUM(F54:N54) -> 79.893884

Sheet Hoja3
B2: Park Name | C2: Area | D2: 1.Population | E2: 9. Traffic | F2: Total
B3: URBANIZACION EL MADRIGAL PRIMER SECTOR | C3: 11522.075 | D3: 25.3645 | E3: 10 | F3: 60.3645
B4: URBANIZACION EL PASEO | C4: 7043.7771 | D4: 34.685 | E4: 10 | F4: 69.685
B5: URB BOCHICA MULTICENTRO (1-2 ET) | C5: 5829.4295 | D5: 35.2975 | E5: 10 | F5: 70.2975
B6: URBANIZACION CIUDADELA INDUSTRIAL EL DORADO | C6: 30163.766 | D6: 13.685 | E6: 10 | F6: 73.685
B7: URBANIZACIàN LUJAN | C7: 8910.6172 | D7: 28.931 | E7: 10 | F7: 73.931
B8: …
B9: LA FLORIDA | C9: 5918.0681 | D9: 45.423 | E9: 0 | F9: 195.423
B10: DESARROLLO COMPARTIR BOCHICA | C10: 4793.7957 | D10: 36.4455 | E10: 10 | F10: 196.4455
B11: ENGATIVÁ | C11: 3841.633 | D11: 36.54 | E11: 10 | F11: 196.54
B12: URBANIZACIÓN LOS ANGELES | C12: 9999.0109 | D12: 52.6435 | E12: 10 | F12: 197.6435
B13: URBANIZACION CIUDADELA COLSUBSIDIO SECTOR IV | C13: 10319.85 | D13: 60.991 | E13: 10 | F13: 210.991
